[{"model": "main.banner", "pk": 1, "fields": {"title": "Пицца \"Цезарь\" с курицей", "image": "banner_img/chicken-caesar-pizza.png", "price": 700.0, "width": 450, "height": 297, "created_at": "2025-02-27T14:29:50.592", "update_at": "2025-02-27T14:29:32"}}, {"model": "main.banner", "pk": 2, "fields": {"title": "Идеальный двойной бургер", "image": "banner_img/double-burger.png", "price": 650.0, "width": 368, "height": 310, "created_at": "2025-02-27T14:40:06.684", "update_at": "2025-02-27T14:40:02"}}, {"model": "main.banner", "pk": 3, "fields": {"title": "Вкусный ароматный кофе", "image": "banner_img/coffe.png", "price": 250.0, "width": 588, "height": 450, "created_at": "2025-02-27T14:41:05.279", "update_at": "2025-02-27T14:40:55"}}, {"model": "main.banner", "pk": 4, "fields": {"title": "Салат из курицы-гриль", "image": "banner_img/salad.png", "price": 550.0, "width": 368, "height": 310, "created_at": "2025-02-27T14:42:07.387", "update_at": "2025-02-27T14:42:06"}}]