[
    {
        "model": "main.chefs",
        "pk": 1,
        "fields": {
            "name": "Иван",
            "lastName": "Иванов",
            "info": "Шеф-повар Иван Иванов имеет более 15 лет опыта в высокой кухне. Специализируется на средиземноморских и итальянских блюдах, используя свежие и качественные ингредиенты для создания уникальных кулинарных шедевров.",
            "image": "chefs_img/chef_2.jpg"
        }
    },
    {
        "model": "main.chefs",
        "pk": 2,
        "fields": {
            "name": "Мария",
            "lastName": "Иванова",
            "info": "Мария Иванова начала свою карьеру в кулинарном искусстве в элитных ресторанах города, где быстро завоевала репутацию благодаря своим инновационным подходам и мастерству в приготовлении блюд.\r\nЕё страсть к кулинарии и стремление делиться знаниями делают её выдающимся шеф-поваром.",
            "image": "chefs_img/chef_3.jpg"
        }
    },
    {
        "model": "main.chefs",
        "pk": 3,
        "fields": {
            "name": "Владимир",
            "lastName": "Мухин",
            "info": "Владимир Мухин - шеф-повар, известный своими новаторскими подходами к российской кухне и стремлением к сохранению кулинарных традиций страны. Он начал свою карьеру в кулинарии с раннего возраста, работая вместе со своим отцом, также шеф-поваром.",
            "image": "chefs_img/chef_4.jpg"
        }
    },
    {
        "model": "main.chefs",
        "pk": 4,
        "fields": {
            "name": "Елена",
            "lastName": "Маркова",
            "info": "Елена Маркова - талантливый шеф-повар, известная своим утонченным вкусом и стремлением к совершенству. С самого начала своей карьеры Елена проявляла исключительные навыки в кулинарном искусстве, что быстро принесло ей признание и уважение.",
            "image": "chefs_img/chef_6.jpg"
        }
    },
    {
        "model": "main.chefs",
        "pk": 5,
        "fields": {
            "name": "Юлия",
            "lastName": "Хромова",
            "info": "Юлия Хромова - талантливый шеф-повар, известная своими изысканными блюдами и страстью к кулинарным экспериментам. \r\nЕе блюда - это настоящие произведения искусства, гармонично сочетающие в себе эстетику и кулинарное мастерство.",
            "image": "chefs_img/chef_1.jpg"
        }
    }
]