[{"model": "main.nav", "pk": 1, "fields": {"title": "Главная", "slug": "main"}}, {"model": "main.nav", "pk": 2, "fields": {"title": "Предложения", "slug": "special"}}, {"model": "main.nav", "pk": 3, "fields": {"title": "О нас", "slug": "about"}}, {"model": "main.nav", "pk": 4, "fields": {"title": "Меню", "slug": "menus"}}, {"model": "main.nav", "pk": 5, "fields": {"title": "Повора", "slug": "chef"}}, {"model": "main.nav", "pk": 6, "fields": {"title": "Контакты", "slug": "contact"}}]